{"cameraMode":{"drawMode":0,"name":"Shaded","section":"Shading Mode"},"sceneLighting":true,"audioPlay":false,"sceneViewState":{"m_AlwaysRefresh":false,"showFog":true,"showSkybox":true,"showFlares":true,"showImageEffects":true,"showParticleSystems":true,"showVisualEffectGraphs":true,"m_FxEnabled":true},"in2DMode":false,"pivot":{"x":-1.885553002357483,"y":1.4012579917907715,"z":27.727516174316408},"rotation":{"x":0.020914103835821153,"y":-0.9483534097671509,"z":0.31029510498046877,"w":0.06414274871349335},"size":31.80027961730957,"orthographic":false}