{"cameraMode":{"drawMode":0,"name":"Shaded","section":"Shading Mode"},"sceneLighting":true,"audioPlay":false,"sceneViewState":{"m_AlwaysRefresh":false,"showFog":true,"showSkybox":true,"showFlares":true,"showImageEffects":true,"showParticleSystems":true,"showVisualEffectGraphs":true,"m_FxEnabled":true},"in2DMode":false,"pivot":{"x":456.0181579589844,"y":258.6637268066406,"z":-1.6282867193222047},"rotation":{"x":-0.010189969092607499,"y":0.005134745966643095,"z":0.0000736011061235331,"w":0.9999918341636658},"size":304.78973388671877,"orthographic":false}