{"cameraMode":{"drawMode":0,"name":"Shaded","section":"Shading Mode"},"sceneLighting":true,"audioPlay":false,"sceneViewState":{"m_AlwaysRefresh":false,"showFog":true,"showSkybox":true,"showFlares":true,"showImageEffects":true,"showParticleSystems":true,"showVisualEffectGraphs":true,"m_FxEnabled":true},"in2DMode":false,"pivot":{"x":210.87071228027345,"y":18.383426666259767,"z":-237.21470642089845},"rotation":{"x":0.13971269130706788,"y":-0.8374289274215698,"z":0.2519007623195648,"w":0.46447935700416567},"size":18.273590087890626,"orthographic":false}