{"cameraMode":{"drawMode":0,"name":"Shaded","section":"Shading Mode"},"sceneLighting":true,"audioPlay":false,"sceneViewState":{"m_AlwaysRefresh":false,"showFog":true,"showSkybox":true,"showFlares":true,"showImageEffects":true,"showParticleSystems":true,"showVisualEffectGraphs":true,"m_FxEnabled":true},"in2DMode":false,"pivot":{"x":198.34121704101563,"y":-107.80836486816406,"z":-108.55034637451172},"rotation":{"x":0.034565433859825137,"y":-0.9560171961784363,"z":0.2627314627170563,"w":0.12577565014362336},"size":180.16873168945313,"orthographic":false}