{"cameraMode":{"drawMode":0,"name":"Shaded","section":"Shading Mode"},"sceneLighting":false,"audioPlay":false,"sceneViewState":{"m_AlwaysRefresh":false,"showFog":true,"showSkybox":true,"showFlares":true,"showImageEffects":true,"showParticleSystems":true,"showVisualEffectGraphs":true,"m_FxEnabled":true},"in2DMode":false,"pivot":{"x":2784.590087890625,"y":107.91999816894531,"z":2816.610107421875},"rotation":{"x":0.011999132111668587,"y":0.003892596112564206,"z":-0.00008571751823183149,"w":0.9999311566352844},"size":118.3154067993164,"orthographic":false}