{"cameraMode":{"drawMode":0,"name":"Shaded","section":"Shading Mode"},"sceneLighting":false,"audioPlay":false,"sceneViewState":{"m_AlwaysRefresh":false,"showFog":true,"showSkybox":false,"showFlares":true,"showImageEffects":true,"showParticleSystems":true,"showVisualEffectGraphs":true,"m_FxEnabled":true},"in2DMode":false,"pivot":{"x":-0.010075092315673828,"y":5.587935447692871e-9,"z":-0.016342893242836},"rotation":{"x":0.2195613533258438,"y":-0.019612519070506097,"z":0.004414414055645466,"w":0.9753944873809815},"size":0.9021018147468567,"orthographic":false}