{"cameraMode":{"drawMode":0,"name":"Shaded","section":"Shading Mode"},"sceneLighting":false,"audioPlay":false,"sceneViewState":{"m_AlwaysRefresh":false,"showFog":true,"showSkybox":false,"showFlares":true,"showImageEffects":true,"showParticleSystems":true,"showVisualEffectGraphs":true,"m_FxEnabled":true},"in2DMode":false,"pivot":{"x":-0.000007808208465576172,"y":0.340336412191391,"z":0.0017463713884353638},"rotation":{"x":0.042047373950481418,"y":0.9575821757316589,"z":-0.21142081916332246,"w":0.192803293466568},"size":0.6569799780845642,"orthographic":false}